user_id,name,email,age
550e8400-e29b-41d4-a716-446655440000,John Doe,john.doe@example.com,25
550e8400-e29b-41d4-a716-446655440001,Jane Smith,jane.smith@example.com,30
550e8400-e29b-41d4-a716-446655440002,Bob Johnson,bob.johnson@example.com,35
550e8400-e29b-41d4-a716-446655440003,Alice Brown,alice.brown@example.com,28
550e8400-e29b-41d4-a716-446655440004,Charlie Wilson,charlie.wilson@example.com,22
550e8400-e29b-41d4-a716-446655440005,Diana Davis,diana.davis@example.com,31
550e8400-e29b-41d4-a716-446655440006,Eve Miller,eve.miller@example.com,27
550e8400-e29b-41d4-a716-446655440007,Frank Garcia,frank.garcia@example.com,33
550e8400-e29b-41d4-a716-446655440008,Grace Martinez,grace.martinez@example.com,26
550e8400-e29b-41d4-a716-446655440009,Henry Anderson,henry.anderson@example.com,29